member_id,member_name,dob
MBR00001,Stephanie Thomas,1969-01-24
MBR00002,Carlos Garcia,1968-11-24
MBR00003,Angel Johnson,1975-04-17
MBR00004,Tyler Anderson,2003-12-18
MBR00005,Kayla Perez,1962-03-23
MBR00006,Jacob Miller,1983-02-03
MBR00007,Robert Robinson,2000-05-26
MBR00008,Cheyenne Redhouse,1967-09-10
MBR00009,Michael Williams,1998-04-23
MBR00010,Joshua Miller,1980-02-28
MBR00011,Megan Thompson,2002-06-06
MBR00012,Michael Whitehorse,2006-11-21
MBR00013,Jacob Moore,1977-03-15
MBR00014,Talia Lee,2006-09-08
MBR00015,Robert Lee,1965-04-27
MBR00016,Sarah Begay,1998-12-11
MBR00017,Daniel Thomas,1991-03-09
MBR00018,Kayla Manygoats,1978-12-19
MBR00019,Jennifer Davis,1993-02-25
MBR00020,Michael Harris,2005-07-20
MBR00021,James Davis,1995-05-18
MBR00022,Ashley Jackson,1979-11-11
MBR00023,Andrew Yazzie,1962-12-24
MBR00024,Cheyenne Yazzie,1968-11-10
MBR00025,Marcus Tsosie,1985-03-18
MBR00026,Ashley White,1982-08-01
MBR00027,Brittany Chee,1981-04-02
MBR00028,Carlos Rodriguez,1993-02-25
MBR00029,Rosa Whitehorse,1997-03-09
MBR00030,Matthew Martin,1996-12-23
MBR00031,Rosa Lewis,2003-06-15
MBR00032,Alma Nez,1966-06-01
MBR00033,Cheyenne Brown,1962-02-23
MBR00034,Brittany Moore,1983-02-17
MBR00035,Juan Chee,1996-03-24
MBR00036,David Miller,1992-07-07
MBR00037,Shawn Brown,1989-07-15
MBR00038,Shawn Perez,1968-01-13
MBR00039,Carlos Lewis,1977-04-07
MBR00040,Michael Lewis,1979-08-08
MBR00041,Dakota Benally,1997-02-02
MBR00042,Guadalupe Walker,1977-03-14
MBR00043,James Harris,1965-03-13
MBR00044,Nizhoni Nez,1991-05-14
MBR00045,Sarah Brown,1971-04-10
MBR00046,Jennifer Brown,1965-12-11
MBR00047,Miguel Garcia,1995-03-02
MBR00048,Brittany Sanchez,1966-11-28
MBR00049,Robert Redhouse,1977-10-20
MBR00050,Ryan Taylor,1999-10-17
MBR00051,Rebecca Rodriguez,1982-04-09
MBR00052,Michael Smith,1991-06-25
MBR00053,Sarah Yazzie,1968-02-18
MBR00054,Joseph Hernandez,1966-04-12
MBR00055,Dakota Tsosie,1981-10-26
MBR00056,David Rodriguez,1997-05-22
MBR00057,Joseph Whitehorse,1997-03-09
MBR00058,Andrew Yazzie,1975-11-21
MBR00059,Kayla Moore,1965-02-21
MBR00060,Christopher Lewis,1970-11-09
MBR00061,Michael Martinez,1997-01-04
MBR00062,Jessica Ramirez,1985-10-18
MBR00063,Sarah Thomas,1985-01-12
MBR00064,Destiny Martinez,1997-07-20
MBR00065,Maria Lopez,1972-03-14
MBR00066,Destiny Thomas,1988-11-28
MBR00067,Robert Walker,2006-02-13
MBR00068,Isaiah Anderson,1991-06-10
MBR00069,Stephanie Jones,1974-07-11
MBR00070,Rebecca Benally,1984-11-17
MBR00071,Andrew Williams,1978-03-19
MBR00072,Ryan Ramirez,1984-12-26
MBR00073,Matthew Taylor,1969-07-19
MBR00074,Carlos Gonzalez,1962-09-26
MBR00075,Kai Davis,1983-10-11
MBR00076,Tyler Lee,1994-05-22
MBR00077,Tyler Harris,1997-03-07
MBR00078,Rebecca Nez,2001-10-10
MBR00079,Latoya Manygoats,1980-04-14
MBR00080,Talia Wilson,1991-08-15
MBR00081,Joseph Yazzie,1972-11-03
MBR00082,Trevor Thomas,1983-02-27
MBR00083,Robert Thomas,1974-03-01
MBR00084,Cheyenne Chee,1966-08-14
MBR00085,Brittany Martinez,1986-08-13
MBR00086,Amanda Tsosie,1968-07-08
MBR00087,Daniel Robinson,1977-02-15
MBR00088,Aaron Redhouse,2000-06-25
MBR00089,Christopher Walker,1989-09-15
MBR00090,Marcus Tsosie,1977-11-09
MBR00091,Yazzie Jackson,1979-08-03
MBR00092,Daniel Martinez,1982-09-03
MBR00093,Michael Clark,1971-12-07
MBR00094,Sarah Clark,1991-07-02
MBR00095,Trevor Chee,1999-12-01
MBR00096,Tyler Benally,1981-07-28
MBR00097,Joshua Moore,2000-04-16
MBR00098,Devon Sanchez,1983-11-22
MBR00099,Carlos Johnson,1991-03-20
MBR00100,Linda Ramirez,1998-11-01
MBR00101,Jacob Lee,1973-01-09
MBR00102,Trevor Clark,1983-07-09
MBR00103,Jennifer Thompson,1963-12-18
MBR00104,Maria Thomas,2003-01-25
MBR00105,Jose Davis,1971-04-05
MBR00106,Megan Hernandez,2006-05-25
MBR00107,David Manygoats,1969-03-10
MBR00108,Rebecca Gonzalez,1998-11-13
MBR00109,Nizhoni Martin,2002-04-04
MBR00110,Robert Thompson,1969-10-26
MBR00111,Dakota Perez,1985-02-17
MBR00112,Megan Curley,1993-02-14
MBR00113,Shawn Tsosie,1971-07-06
MBR00114,Jose Robinson,2001-09-25
MBR00115,Brittany Garcia,1999-05-11
MBR00116,Maria Harris,1977-08-19
MBR00117,Sarah Thompson,1982-03-16
MBR00118,Stephanie Nez,1979-10-23
MBR00119,Tyler Begay,1967-04-24
MBR00120,Yazzie Begay,2006-08-21
MBR00121,Brittany Martin,1976-07-23
MBR00122,Brandon Ramirez,1992-09-17
MBR00123,Samantha Moore,1983-06-23
MBR00124,Ryan Davis,1969-12-07
MBR00125,Sarah Walker,2006-03-07
MBR00126,David Gonzalez,1995-10-10
MBR00127,Yazzie Benally,1973-05-01
MBR00128,Cheyenne Begay,1980-12-05
MBR00129,Aaron Perez,1980-08-16
MBR00130,Michael Sanchez,1992-02-27
MBR00131,Jessica Martinez,2002-11-02
MBR00132,Luz Clark,1967-04-04
MBR00133,Rosa Harris,2001-04-25
MBR00134,Nicole Chee,1981-10-14
MBR00135,Sarah Taylor,1968-04-21
MBR00136,Michael Hernandez,1977-03-18
MBR00137,Joseph Williams,2006-10-16
MBR00138,Samantha Jones,1980-12-28
MBR00139,Devon Gonzalez,2002-10-22
MBR00140,Stephanie Martinez,1976-11-05
MBR00141,Isaiah Chee,1981-10-24
MBR00142,Nicole Sanchez,1969-08-23
MBR00143,Linda Whitehorse,1996-08-15
MBR00144,Maria Garcia,1982-10-09
MBR00145,Trevor Moore,1998-10-01
MBR00146,Dakota Lewis,1973-08-17
MBR00147,Isaiah Begay,1999-07-21
MBR00148,Ryan Miller,1984-07-11
MBR00149,Joseph Sanchez,1988-12-16
MBR00150,Ryan Taylor,1964-08-03
MBR00151,James Benally,1987-09-27
MBR00152,Trevor Begay,1995-06-20
MBR00153,Luz Rodriguez,1965-04-09
MBR00154,Maria Curley,2006-08-04
MBR00155,James Nez,1972-05-18
MBR00156,Dakota Martinez,1969-08-04
MBR00157,Stephanie Clark,1980-09-23
MBR00158,Jessica Harris,1977-08-18
MBR00159,Michael Moore,1994-12-05
MBR00160,Miguel Moore,1988-06-26
MBR00161,Kai Begay,1981-10-19
MBR00162,Elizabeth Nez,1996-08-12
MBR00163,Matthew Thomas,1991-06-28
MBR00164,Destiny Walker,1988-01-11
MBR00165,Latoya Martinez,1986-07-22
MBR00166,David Lewis,1994-10-11
MBR00167,Tyler Martinez,1962-12-05
MBR00168,Nizhoni Sanchez,1978-06-20
MBR00169,Carlos Harris,1983-11-28
MBR00170,Maria Jones,1993-09-02
MBR00171,Linda Ramirez,1980-04-24
MBR00172,David Lewis,2002-12-28
MBR00173,Latoya Brown,1963-01-11
MBR00174,Rosa Clark,1989-03-08
MBR00175,Linda Redhouse,1973-03-06
MBR00176,Alma Martinez,2005-04-16
MBR00177,Kai Smith,1978-08-09
MBR00178,Christopher Jones,1980-11-18
MBR00179,Kayla Taylor,1999-05-21
MBR00180,Jose Miller,1974-07-28
MBR00181,Nizhoni Jackson,1984-10-10
MBR00182,James Chee,2004-07-09
MBR00183,Guadalupe Jackson,1965-10-24
MBR00184,Cheyenne Gonzalez,2000-06-08
MBR00185,Daniel Curley,2004-11-27
MBR00186,Latoya Lewis,2003-01-10
MBR00187,Ryan Clark,1970-02-10
MBR00188,Miguel Moore,1996-06-17
MBR00189,Elizabeth Davis,1992-05-24
MBR00190,Talia Sanchez,1976-11-24
MBR00191,Latoya Sanchez,1997-06-03
MBR00192,Talia Taylor,1969-08-12
MBR00193,Talia Anderson,2002-06-04
MBR00194,Joshua Jones,1997-06-20
MBR00195,Tyler Davis,2006-05-21
MBR00196,Brittany Benally,1993-02-04
MBR00197,Nizhoni Benally,1985-11-24
MBR00198,David Begay,1971-07-21
MBR00199,Sarah Lewis,1964-12-12
MBR00200,Megan Benally,1985-02-22
MBR00201,Stephanie Gonzalez,1984-01-13
MBR00202,Sarah Curley,1991-02-22
MBR00203,Latoya Chee,1983-04-05
MBR00204,Sarah Anderson,1997-04-19
MBR00205,Jessica Rodriguez,2000-01-09
MBR00206,Maria Rodriguez,1973-02-22
MBR00207,Maria Lopez,1977-10-11
MBR00208,Destiny Jones,1988-09-04
MBR00209,David Lewis,1985-09-19
MBR00210,Kai Tsosie,1964-12-26
MBR00211,Rebecca Ramirez,1963-01-16
MBR00212,Ryan Whitehorse,1990-02-03
MBR00213,Alma Nez,1979-10-21
MBR00214,Samantha Yazzie,2000-09-10
MBR00215,Dakota Nez,2006-02-28
MBR00216,Tyler Perez,1989-08-08
MBR00217,Ryan Ramirez,1988-12-04
MBR00218,Jose Jones,1985-03-22
MBR00219,Destiny White,1989-02-24
MBR00220,Luz Perez,1965-10-18
MBR00221,Kayla Brown,1984-11-25
MBR00222,Juan Yazzie,1981-06-04
MBR00223,David Thompson,1992-04-28
MBR00224,Joshua Ramirez,1969-05-19
MBR00225,Dakota Nez,2001-10-22
MBR00226,Amanda Moore,2006-05-01
MBR00227,Amanda Martinez,1983-06-01
MBR00228,Cheyenne Johnson,1966-03-24
MBR00229,Samantha Perez,1975-07-14
MBR00230,Linda Brown,1982-10-20
MBR00231,Linda Moore,2001-01-22
MBR00232,Tyler Moore,1993-10-15
MBR00233,Ashley Jackson,1969-06-14
MBR00234,Nicole Williams,1993-09-22
MBR00235,Nicole Wilson,1965-01-07
MBR00236,Ashley Smith,1978-05-11
MBR00237,Carlos Anderson,1973-03-13
MBR00238,Rebecca Williams,2004-06-03
MBR00239,Kayla Chee,1966-06-19
MBR00240,Rebecca Johnson,1988-05-04
MBR00241,Nizhoni White,2001-08-27
MBR00242,Alma Sanchez,1968-04-14
MBR00243,Joshua Perez,1981-12-11
MBR00244,Miguel Gonzalez,2002-02-17
MBR00245,Dakota Martinez,1984-12-27
MBR00246,Jessica Jones,1974-03-20
MBR00247,Trevor Chee,2002-08-15
MBR00248,Cheyenne Redhouse,2005-10-21
MBR00249,Michael Walker,1982-03-15
MBR00250,Brandon Yazzie,1979-10-02
MBR00251,Megan Jackson,1990-01-02
MBR00252,Miguel Harris,1967-10-20
MBR00253,Juan Gonzalez,1964-08-26
MBR00254,Aaron Miller,1994-03-02
MBR00255,Miguel Lopez,1983-12-03
MBR00256,Rosa Redhouse,1990-08-17
MBR00257,Marcus Perez,1980-07-14
MBR00258,Michael Perez,2002-11-11
MBR00259,Shawn Whitehorse,1986-05-09
MBR00260,Jessica Thompson,1967-10-22
MBR00261,Daniel Whitehorse,2006-11-13
MBR00262,Latoya Perez,1997-07-21
MBR00263,Rosa Garcia,2006-12-22
MBR00264,Megan Martin,1994-06-01
MBR00265,Daniel Martinez,1993-04-08
MBR00266,Carlos Tsosie,1968-09-25
MBR00267,Jacob Martinez,2001-03-20
MBR00268,Christopher Lewis,2006-10-26
MBR00269,Aaron Redhouse,2005-12-08
MBR00270,Brittany Martin,1990-04-18
MBR00271,Talia Chee,1992-04-12
MBR00272,Rosa Clark,1980-07-17
MBR00273,Andrew Brown,1974-10-05
MBR00274,Rosa Davis,1997-02-23
MBR00275,Miguel Martinez,1972-05-15
MBR00276,Tyler Brown,1990-06-01
MBR00277,Megan Anderson,1977-07-03
MBR00278,Jessica Rodriguez,2003-06-26
MBR00279,Daniel Walker,1992-12-27
MBR00280,Shawn Whitehorse,1975-03-18
MBR00281,Ashley Brown,1980-04-10
MBR00282,Ashley Begay,2001-08-03
MBR00283,Yazzie Martinez,1994-10-08
MBR00284,Tyler Lopez,1984-04-19
MBR00285,Carlos Yazzie,1985-02-17
MBR00286,Jose Williams,1997-01-13
MBR00287,Brandon Jones,1978-12-01
MBR00288,Marcus Manygoats,2004-11-04
MBR00289,Carlos Perez,1970-01-12
MBR00290,Jose Curley,2005-08-23
MBR00291,Matthew Williams,1991-01-10
MBR00292,Isaiah Benally,1981-09-13
MBR00293,Brandon Brown,2003-04-10
MBR00294,Megan Ramirez,1979-02-26
MBR00295,Amanda Begay,1990-07-11
MBR00296,Linda Ramirez,1995-05-26
MBR00297,Ryan Miller,1973-09-10
MBR00298,Angel Ramirez,1980-05-15
MBR00299,Shawn Thompson,1984-08-02
MBR00300,Jennifer Jones,1979-11-26
MBR00301,Destiny Hernandez,1985-09-26
MBR00302,Aaron Williams,2000-11-26
MBR00303,Jacob Chee,2003-06-12
MBR00304,Aaron Jones,1990-06-12
MBR00305,Dakota Moore,1985-07-11
MBR00306,Jacob Nez,1973-08-17
MBR00307,Sarah Redhouse,1978-12-15
MBR00308,Michael Lewis,1974-02-05
MBR00309,Talia Lee,1990-02-26
MBR00310,Joseph Martin,1966-09-18
MBR00311,Latoya White,2006-11-06
MBR00312,Guadalupe Johnson,1970-04-26
MBR00313,Luz Rodriguez,1985-08-26
MBR00314,Jose Tsosie,1987-12-24
MBR00315,Ryan Jones,1998-02-05
MBR00316,Marcus Nez,1995-06-05
MBR00317,Jennifer Davis,1970-07-17
MBR00318,Yazzie Anderson,1972-03-11
MBR00319,Matthew Curley,1980-02-09
MBR00320,Maria Benally,1970-11-10
MBR00321,Jessica Hernandez,1972-10-19
MBR00322,Juan Williams,2000-06-27
MBR00323,Sarah Chee,1998-05-21
MBR00324,Carlos Jackson,1963-08-21
MBR00325,Devon Sanchez,1992-04-26
MBR00326,Tyler Walker,1965-03-15
MBR00327,Yazzie Lee,2000-03-11
MBR00328,Trevor White,1984-07-05
MBR00329,Stephanie Lewis,1977-08-04
MBR00330,Brittany Hernandez,1986-10-14
MBR00331,Christopher Begay,1982-04-25
MBR00332,Maria Garcia,1993-05-16
MBR00333,Alma Thompson,1991-04-07
MBR00334,Dakota Walker,1993-10-27
MBR00335,Andrew White,1968-07-05
MBR00336,Juan Nez,1964-07-02
MBR00337,Miguel Lewis,1980-02-13
MBR00338,Ashley Rodriguez,2001-11-20
MBR00339,Megan Martinez,1985-06-18
MBR00340,Robert Williams,1987-09-02
MBR00341,Jessica Whitehorse,1992-09-15
MBR00342,Rebecca Redhouse,2001-06-06
MBR00343,Miguel Benally,1999-06-17
MBR00344,Maria White,1981-08-27
MBR00345,Shawn Curley,1999-05-26
MBR00346,Marcus Manygoats,1978-11-26
MBR00347,Christopher Tsosie,1965-10-16
MBR00348,Talia Thomas,1986-03-27
MBR00349,Aaron Lee,1969-04-01
MBR00350,Miguel Redhouse,2006-04-14
MBR00351,Rosa Wilson,1965-12-05
MBR00352,Ryan Lopez,1992-09-13
MBR00353,Talia Taylor,1983-09-12
MBR00354,Joshua Martin,1979-09-10
MBR00355,Guadalupe Lee,1975-12-23
MBR00356,Juan Benally,1979-05-04
MBR00357,Robert Jackson,1984-03-10
MBR00358,Destiny Walker,1990-11-09
MBR00359,Nizhoni Moore,1996-05-18
MBR00360,Jennifer Tsosie,1999-04-08
MBR00361,Elizabeth Walker,1965-02-14
MBR00362,Christopher Clark,1970-01-18
MBR00363,Trevor Jackson,1992-11-07
MBR00364,Juan Anderson,1965-02-21
MBR00365,Amanda Williams,1964-03-14
MBR00366,Joseph Williams,1993-03-24
MBR00367,Joseph Robinson,2000-02-11
MBR00368,Miguel Robinson,1995-08-05
MBR00369,Shawn Robinson,1969-06-06
MBR00370,Elizabeth Jackson,1973-01-24
MBR00371,Cheyenne Sanchez,1974-03-20
MBR00372,Kai Miller,1982-02-13
MBR00373,Andrew Harris,1982-04-01
MBR00374,Alma Chee,1979-06-10
MBR00375,Jennifer Davis,1985-12-08
MBR00376,Marcus Martin,2005-09-23
MBR00377,Joshua Anderson,1980-06-20
MBR00378,Angel White,1971-08-24
MBR00379,Kai Wilson,1992-09-26
MBR00380,Aaron Tsosie,2000-02-17
MBR00381,Luz Yazzie,1969-01-27
MBR00382,Rosa Lewis,1971-03-11
MBR00383,Miguel Lewis,1999-08-03
MBR00384,Samantha Chee,1970-09-14
MBR00385,Maria Sanchez,2005-05-24
MBR00386,Robert Ramirez,1975-10-03
MBR00387,Robert Jackson,1965-02-16
MBR00388,Dakota Clark,1970-11-24
MBR00389,Linda Benally,1990-07-13
MBR00390,Carlos Sanchez,1984-02-06
MBR00391,Maria Martin,1976-01-25
MBR00392,Jacob Anderson,1996-07-18
MBR00393,Shawn Davis,1971-05-07
MBR00394,Maria Thomas,1988-10-25
MBR00395,Talia Brown,1964-08-20
MBR00396,Sarah Brown,1990-04-18
MBR00397,Ryan Chee,1976-12-19
MBR00398,Jessica Tsosie,1982-04-10
MBR00399,Alma Lopez,1979-01-18
MBR00400,Brandon Harris,1997-08-02
MBR00401,Jessica Martin,2006-07-14
MBR00402,Joshua Martin,1996-08-08
MBR00403,Tyler Clark,1991-01-18
MBR00404,Elizabeth Garcia,1977-05-07
MBR00405,Shawn Gonzalez,1985-02-18
MBR00406,Robert Jones,2005-10-20
MBR00407,Luz Wilson,1999-12-22
MBR00408,Matthew Davis,1981-01-07
MBR00409,Angel Wilson,1992-04-23
MBR00410,Samantha Benally,1982-05-13
MBR00411,Guadalupe Robinson,1978-06-17
MBR00412,Megan Lee,1992-06-07
MBR00413,Maria Taylor,1976-12-05
MBR00414,Joseph Martinez,1999-12-14
MBR00415,Brittany Begay,1986-10-27
MBR00416,Isaiah Begay,1983-05-25
MBR00417,Shawn Thompson,1993-08-06
MBR00418,Carlos Brown,1996-08-06
MBR00419,Trevor Smith,1966-11-02
MBR00420,Yazzie Martinez,2002-04-03
MBR00421,Maria Curley,1991-06-02
MBR00422,Maria Smith,1992-11-16
MBR00423,Shawn Moore,1962-01-17
MBR00424,Nizhoni Ramirez,1963-09-27
MBR00425,Maria Tsosie,1971-04-07
MBR00426,Megan Sanchez,1979-07-03
MBR00427,Talia Garcia,2006-04-10
MBR00428,Rebecca Harris,2003-01-03
MBR00429,Nizhoni Hernandez,1965-11-01
MBR00430,Elizabeth Chee,1989-11-26
MBR00431,Nizhoni Chee,1964-04-07
MBR00432,Kai Williams,1979-09-19
MBR00433,Alma Martinez,1982-01-07
MBR00434,Christopher Chee,1987-02-10
MBR00435,Elizabeth Harris,1986-11-18
MBR00436,Miguel Thompson,2006-12-03
MBR00437,Angel Redhouse,1976-02-11
MBR00438,Stephanie Lewis,1982-01-21
MBR00439,Amanda Manygoats,1997-07-14
MBR00440,Brittany Jones,2001-05-26
MBR00441,Jacob Lee,2002-03-24
MBR00442,Stephanie Miller,1990-06-25
MBR00443,Miguel Clark,1990-09-18
MBR00444,Angel Lee,1997-02-20
MBR00445,Linda Nez,1988-07-25
MBR00446,Talia Harris,1998-09-06
MBR00447,Jessica Jones,1981-05-16
MBR00448,Latoya Jones,1988-05-16
MBR00449,Maria Gonzalez,2002-08-20
MBR00450,Maria Harris,1962-07-11
MBR00451,Isaiah Whitehorse,1990-06-14
MBR00452,Jose Lee,2000-12-07
MBR00453,Nizhoni Curley,1982-05-24
MBR00454,Stephanie Sanchez,1977-06-13
MBR00455,Amanda Nez,1974-10-18
MBR00456,Aaron Jackson,1991-12-07
MBR00457,Daniel Curley,1988-11-16
MBR00458,Latoya Harris,1971-12-14
MBR00459,Carlos Yazzie,1992-10-13
MBR00460,Latoya White,1988-09-02
MBR00461,Linda Miller,1996-10-21
MBR00462,Dakota Redhouse,2004-06-06
MBR00463,Trevor Perez,2005-11-13
MBR00464,Andrew Anderson,1968-01-04
MBR00465,Juan Anderson,1997-10-23
MBR00466,Nizhoni Yazzie,1991-11-19
MBR00467,Linda Davis,1968-05-14
MBR00468,Elizabeth Robinson,1971-06-10
MBR00469,David Lewis,1992-06-16
MBR00470,Robert Davis,1982-02-10
MBR00471,Devon Hernandez,2003-02-22
MBR00472,Luz Hernandez,1977-09-06
MBR00473,Rebecca Curley,1991-04-26
MBR00474,Maria Redhouse,2004-07-13
MBR00475,James Wilson,1999-07-13
MBR00476,Devon Benally,1966-10-04
MBR00477,Andrew Begay,1974-08-04
MBR00478,Maria Sanchez,1982-10-13
MBR00479,Amanda Martin,1984-08-20
MBR00480,Ryan Davis,1967-11-05
MBR00481,Jacob Clark,2006-03-17
MBR00482,Guadalupe Curley,1986-07-06
MBR00483,Guadalupe Jackson,1973-09-06
MBR00484,Brandon Smith,1990-10-02
MBR00485,Dakota Begay,1986-09-17
MBR00486,Aaron Begay,1988-12-27
MBR00487,Robert Moore,1963-04-10
MBR00488,Destiny Begay,1972-08-19
MBR00489,Carlos White,1969-05-25
MBR00490,Carlos Wilson,1964-12-15
MBR00491,Robert Lewis,2003-04-10
MBR00492,Ashley Thomas,1967-08-28
MBR00493,Yazzie Redhouse,1999-12-12
MBR00494,Sarah Brown,1970-04-27
MBR00495,Christopher Lee,1979-10-18
MBR00496,Miguel Miller,1980-10-09
MBR00497,Dakota Rodriguez,1988-01-09
MBR00498,Brittany Sanchez,1971-12-11
MBR00499,Tyler Harris,2002-05-21
MBR00500,Destiny Moore,1967-07-17
MBR00501,Alma Smith,1991-08-11
MBR00502,Cheyenne Thompson,1967-12-15
MBR00503,Kayla Wilson,1996-07-07
MBR00504,Juan Rodriguez,1980-06-18
MBR00505,Jennifer Williams,1983-11-25
MBR00506,Christopher Lewis,1991-01-04
MBR00507,Dakota Martin,1974-12-05
MBR00508,Andrew Garcia,1967-11-12
MBR00509,Cheyenne Martin,1972-01-13
MBR00510,Linda Miller,1976-07-21
MBR00511,Joshua Tsosie,1966-03-19
MBR00512,Kayla Rodriguez,1983-02-28
MBR00513,David Miller,1967-12-26
MBR00514,Isaiah Rodriguez,1970-07-25
MBR00515,Juan Smith,1971-02-17
MBR00516,Cheyenne Martinez,1984-12-07
MBR00517,Sarah Garcia,2005-08-28
MBR00518,Jacob Thompson,1969-10-24
MBR00519,Dakota Garcia,1970-04-09
MBR00520,Joseph Johnson,2000-12-20
MBR00521,Angel Yazzie,1981-04-17
MBR00522,Latoya Thomas,1980-11-02
MBR00523,Michael Tsosie,1993-11-20
MBR00524,Juan Clark,1982-03-13
MBR00525,Michael Johnson,1973-08-25
MBR00526,Cheyenne Yazzie,1987-09-10
MBR00527,Cheyenne Benally,2006-07-03
MBR00528,Miguel Wilson,1967-05-03
MBR00529,Cheyenne Jones,1982-07-19
MBR00530,Linda Ramirez,1977-01-08
MBR00531,Kai Lopez,2000-01-10
MBR00532,Christopher Begay,1970-12-01
MBR00533,Christopher White,1995-12-09
MBR00534,Marcus Johnson,1979-12-04
MBR00535,Andrew Chee,1979-09-03
MBR00536,Jennifer Begay,1991-09-12
MBR00537,David Chee,1972-05-25
MBR00538,James Thomas,1994-01-02
MBR00539,Robert Nez,1986-03-06
MBR00540,Ryan Thomas,2003-07-08
MBR00541,Michael Chee,1982-05-27
MBR00542,Joshua Tsosie,2005-01-06
MBR00543,Joseph Martin,1966-08-28
MBR00544,Matthew Jackson,1991-01-12
MBR00545,Megan Manygoats,2001-04-15
MBR00546,Trevor Thomas,1974-12-18
MBR00547,Brandon Curley,1963-04-18
MBR00548,Destiny Martin,1962-11-13
MBR00549,Jennifer Martinez,1977-07-16
MBR00550,Megan Robinson,1995-07-23
MBR00551,Cheyenne Sanchez,1968-09-05
MBR00552,Daniel Thomas,1965-07-22
MBR00553,Destiny Lee,1982-07-23
MBR00554,Daniel Manygoats,1976-02-07
MBR00555,Ashley Benally,1991-06-14
MBR00556,Samantha Taylor,1975-08-10
MBR00557,Yazzie Whitehorse,2005-05-27
MBR00558,Yazzie Thomas,1982-03-03
MBR00559,Nicole Taylor,1994-01-22
MBR00560,Luz Thomas,1990-09-24
MBR00561,Jennifer Anderson,1970-02-01
MBR00562,Cheyenne Garcia,1987-06-22
MBR00563,Matthew Lewis,1966-01-03
MBR00564,Samantha Brown,1983-02-02
MBR00565,Guadalupe Johnson,1989-12-13
MBR00566,Amanda Moore,1973-06-07
MBR00567,Dakota Jackson,2001-10-08
MBR00568,Stephanie Harris,1992-01-03
MBR00569,Devon Benally,1995-04-21
MBR00570,Latoya Begay,1984-08-18
MBR00571,Stephanie Lopez,1994-06-13
MBR00572,Marcus Moore,1976-01-26
MBR00573,Alma Anderson,1995-06-25
MBR00574,Isaiah Brown,1977-05-18
MBR00575,Amanda Lopez,1986-06-27
MBR00576,Maria Thompson,2006-06-19
MBR00577,Devon Begay,1971-10-07
MBR00578,Joshua Whitehorse,1964-02-02
MBR00579,Maria Gonzalez,1992-01-11
MBR00580,Maria Martinez,1973-06-02
MBR00581,Megan Jones,1969-09-28
MBR00582,Elizabeth Martin,1987-10-04
MBR00583,Dakota Lee,1989-11-16
MBR00584,Brandon Anderson,2006-10-26
MBR00585,Shawn Jackson,1973-07-10
MBR00586,Rebecca Chee,1962-12-19
MBR00587,Cheyenne Chee,1982-10-08
MBR00588,Michael Thomas,1971-06-24
MBR00589,Isaiah Curley,1972-11-03
MBR00590,Sarah Thomas,1990-01-09
MBR00591,James Brown,1978-02-24
MBR00592,Guadalupe Harris,1988-03-14
MBR00593,Juan Anderson,1968-08-26
MBR00594,Ryan Taylor,1964-05-01
MBR00595,Shawn Jones,1972-07-06
MBR00596,Yazzie Johnson,2000-10-16
MBR00597,Christopher Brown,1972-10-14
MBR00598,Shawn Benally,2006-09-24
MBR00599,Jennifer Sanchez,1981-04-04
MBR00600,Megan Smith,1993-03-02
MBR00601,Jose Gonzalez,2004-11-20
MBR00602,Ashley Martin,1980-02-16
MBR00603,Linda Benally,1993-11-09
MBR00604,Aaron Williams,1986-06-06
MBR00605,Stephanie Chee,1978-04-27
MBR00606,Linda Thompson,2006-11-04
MBR00607,Jennifer Harris,1999-04-18
MBR00608,Jose Chee,1996-11-28
MBR00609,Yazzie Williams,1981-02-13
MBR00610,Jessica Davis,1998-11-20
MBR00611,Devon Gonzalez,1973-03-07
MBR00612,Matthew Curley,1967-11-14
MBR00613,Devon Jones,1978-06-24
MBR00614,Stephanie Tsosie,1987-09-11
MBR00615,Rosa Clark,2006-10-19
MBR00616,David Miller,1999-10-25
MBR00617,Tyler Taylor,1980-09-12
MBR00618,Robert Lopez,1998-10-16
MBR00619,Rebecca Williams,2000-11-23
MBR00620,Destiny Walker,2006-04-02
MBR00621,Latoya Martin,1963-06-27
MBR00622,David Anderson,1993-12-22
MBR00623,Shawn Clark,1990-06-09
MBR00624,Tyler Begay,1990-04-27
MBR00625,Christopher Jones,1965-09-26
MBR00626,Rosa Chee,1987-03-25
MBR00627,Robert Robinson,1974-01-08
MBR00628,Isaiah Robinson,1974-05-12
MBR00629,Brittany White,1969-11-01
MBR00630,Luz Thompson,1973-08-19
MBR00631,Nizhoni Garcia,1978-12-27
MBR00632,Juan Wilson,1965-03-28
MBR00633,Stephanie Clark,1976-11-07
MBR00634,Daniel Lopez,2005-01-16
MBR00635,Yazzie Moore,2000-05-23
MBR00636,Sarah Robinson,1984-08-09
MBR00637,David Smith,2001-07-19
MBR00638,Angel Whitehorse,1985-09-21
MBR00639,Elizabeth Moore,1968-08-03
MBR00640,Yazzie Martin,1979-05-21
MBR00641,Devon Whitehorse,1977-01-26
MBR00642,Maria Begay,2005-03-24
MBR00643,Robert Manygoats,1987-07-24
MBR00644,Yazzie Anderson,1974-06-24
MBR00645,Miguel Martin,1992-11-12
MBR00646,Joseph Miller,2004-09-06
MBR00647,Luz Lopez,1978-12-26
MBR00648,Brandon Anderson,2003-02-08
MBR00649,Andrew Manygoats,1988-06-12
MBR00650,Cheyenne Manygoats,1969-08-02
MBR00651,Miguel Davis,1966-08-07
MBR00652,Jennifer Martinez,1995-05-14
MBR00653,Jessica Lee,1988-10-15
MBR00654,Cheyenne Lopez,1967-08-11
MBR00655,Marcus Hernandez,1979-04-25
MBR00656,Kayla Curley,1967-03-20
MBR00657,Robert Benally,1992-07-01
MBR00658,Rosa Gonzalez,1962-06-25
MBR00659,Brandon Martin,1977-04-23
MBR00660,Christopher Jones,1994-10-10
MBR00661,Rosa Whitehorse,1980-08-24
MBR00662,Guadalupe Thompson,2005-03-11
MBR00663,Joshua Rodriguez,1987-01-08
MBR00664,Megan Williams,1994-03-04
MBR00665,Jennifer Whitehorse,1978-09-20
MBR00666,Maria Brown,1968-11-27
MBR00667,Luz Taylor,1990-07-04
MBR00668,Nicole Clark,2005-11-01
MBR00669,Angel Rodriguez,1995-05-20
MBR00670,Ashley Miller,2001-02-10
MBR00671,Rosa Gonzalez,1974-05-27
MBR00672,Luz Begay,1980-03-02
MBR00673,James Smith,1992-06-08
MBR00674,Jessica Garcia,1998-11-16
MBR00675,Joshua Robinson,1968-05-21
MBR00676,David Lopez,1978-08-02
MBR00677,Talia Lee,1980-06-26
MBR00678,Daniel Hernandez,1964-01-28
MBR00679,Linda White,2001-05-24
MBR00680,Samantha Moore,1969-07-13
MBR00681,Devon Hernandez,1992-07-21
MBR00682,Tyler Manygoats,1965-03-04
MBR00683,Maria Harris,2005-08-06
MBR00684,Shawn Rodriguez,1963-11-27
MBR00685,Robert Jones,1969-07-15
MBR00686,Talia Tsosie,1962-12-28
MBR00687,Elizabeth Tsosie,1998-04-22
MBR00688,Kai Thomas,2001-02-14
MBR00689,Jessica Nez,2005-11-13
MBR00690,Christopher Yazzie,1965-01-21
MBR00691,Trevor Begay,1993-03-03
MBR00692,Joshua Nez,1979-01-17
MBR00693,Aaron Chee,1977-02-15
MBR00694,Ashley Begay,1993-08-11
MBR00695,Luz Nez,1987-07-02
MBR00696,Nicole Yazzie,2000-10-21
MBR00697,Megan Brown,2004-08-11
MBR00698,Marcus Redhouse,1991-06-18
MBR00699,Aaron Davis,2004-06-23
MBR00700,Brandon Curley,1976-01-11
MBR00701,Nizhoni Miller,1997-09-12
MBR00702,Yazzie Clark,1993-03-27
MBR00703,Rebecca Wilson,1974-04-04
MBR00704,David Clark,1974-12-11
MBR00705,Marcus Lewis,2005-10-04
MBR00706,James Tsosie,1994-03-16
MBR00707,Miguel Lopez,1989-10-16
MBR00708,Kai Whitehorse,1970-02-13
MBR00709,Angel Thomas,1994-07-14
MBR00710,Daniel Rodriguez,1980-08-26
MBR00711,Nizhoni Nez,1994-05-27
MBR00712,Matthew Wilson,1997-11-07
MBR00713,Daniel Lopez,2005-06-22
MBR00714,Ashley Thompson,2002-06-23
MBR00715,Tyler Benally,1998-11-23
MBR00716,David Johnson,1989-01-17
MBR00717,Trevor Hernandez,1965-04-09
MBR00718,Jennifer Jackson,1978-03-27
MBR00719,Aaron Miller,1964-06-27
MBR00720,Dakota Nez,1997-04-24
MBR00721,Kai Brown,2006-05-23
MBR00722,Luz Brown,1988-11-11
MBR00723,Marcus Lewis,1974-10-28
MBR00724,Alma Benally,2003-06-25
MBR00725,Amanda Jones,1974-05-15
MBR00726,Robert Ramirez,1994-02-13
MBR00727,Andrew Smith,1970-03-19
MBR00728,Ryan Whitehorse,1971-01-05
MBR00729,Guadalupe Chee,2001-11-10
MBR00730,Amanda Tsosie,1982-09-08
MBR00731,Carlos Sanchez,1972-07-18
MBR00732,Elizabeth White,1975-11-11
MBR00733,Luz Smith,2001-09-16
MBR00734,Maria Redhouse,1990-04-21
MBR00735,Ashley Harris,1982-07-26
MBR00736,Isaiah White,1980-01-17
MBR00737,Joseph Gonzalez,1990-08-02
MBR00738,Cheyenne Jones,1996-09-01
MBR00739,David Wilson,1975-11-14
MBR00740,Michael Martinez,1989-11-27
MBR00741,Michael Brown,1983-01-03
MBR00742,Isaiah Anderson,1997-02-19
MBR00743,Rebecca Ramirez,1986-08-21
MBR00744,James Redhouse,2005-02-18
MBR00745,Michael Thompson,1999-01-23
MBR00746,Linda Jackson,2005-05-20
MBR00747,Kai Johnson,1986-07-27
MBR00748,Rebecca Benally,1976-03-24
MBR00749,Latoya White,1971-05-22
MBR00750,Robert Smith,1997-03-04
MBR00751,Nicole Wilson,1996-09-03
MBR00752,Dakota Yazzie,1984-04-14
MBR00753,Andrew Gonzalez,1976-10-27
MBR00754,Trevor Nez,1998-01-28
MBR00755,Michael Taylor,1966-05-22
MBR00756,Brandon Rodriguez,1999-08-11
MBR00757,Michael Gonzalez,1968-05-20
MBR00758,Nicole Manygoats,1983-10-22
MBR00759,Christopher Smith,1985-06-14
MBR00760,Dakota Ramirez,1976-12-24
MBR00761,Elizabeth Walker,1970-11-24
MBR00762,David Lopez,1981-08-18
MBR00763,Matthew Taylor,1979-03-18
MBR00764,Maria Yazzie,1966-12-03
MBR00765,Marcus Manygoats,1999-10-13
MBR00766,Jose Martinez,1978-09-18
MBR00767,Joseph Rodriguez,1999-12-28
MBR00768,Miguel Smith,1967-07-12
MBR00769,Trevor Yazzie,2001-11-06
MBR00770,Kai Martinez,1973-10-19
MBR00771,Trevor Begay,1984-01-08
MBR00772,Kai Wilson,1985-04-02
MBR00773,Samantha Williams,1985-07-16
MBR00774,Rosa Curley,1982-02-23
MBR00775,Juan Lopez,1978-10-18
MBR00776,Michael Tsosie,1985-10-21
MBR00777,Isaiah Thompson,1995-07-12
MBR00778,Daniel Lewis,2000-01-17
MBR00779,Jessica Lopez,2003-05-07
MBR00780,Tyler Perez,1969-11-08
MBR00781,Sarah Manygoats,2005-08-16
MBR00782,Robert Rodriguez,1988-01-08
MBR00783,Robert Chee,1970-11-17
MBR00784,Rebecca Whitehorse,1978-03-17
MBR00785,Kai Jackson,1963-12-24
MBR00786,Jose Hernandez,1990-10-16
MBR00787,Alma Lopez,2000-03-26
MBR00788,Talia Perez,1978-03-24
MBR00789,Jacob Harris,1999-02-08
MBR00790,Tyler Martinez,1995-09-22
MBR00791,Robert Benally,1992-10-20
MBR00792,Carlos Smith,2004-03-20
MBR00793,Rosa Clark,2005-11-14
MBR00794,Devon Walker,1995-07-08
MBR00795,Destiny Chee,1984-10-26
MBR00796,Joshua Garcia,1978-08-25
MBR00797,James Smith,1988-05-07
MBR00798,Dakota Wilson,1995-01-13
MBR00799,Jessica Ramirez,1988-06-04
MBR00800,Juan White,1978-09-14
MBR00801,Luz Nez,1987-04-14
MBR00802,Andrew Martin,1997-09-16
MBR00803,Kai Davis,1987-12-05
MBR00804,Sarah Yazzie,2006-03-04
MBR00805,Talia Brown,1997-10-23
MBR00806,Jessica Walker,1962-02-27
MBR00807,Joshua White,1967-02-09
MBR00808,Dakota Tsosie,1986-07-20
MBR00809,Guadalupe Lewis,1965-03-21
MBR00810,Matthew Williams,2004-09-10
MBR00811,Maria Hernandez,1995-12-08
MBR00812,Christopher Garcia,1977-11-01
MBR00813,Rebecca Sanchez,1987-06-22
MBR00814,Michael Garcia,1962-12-23
MBR00815,Brandon Moore,1997-10-12
MBR00816,James Taylor,1991-07-19
MBR00817,Miguel Jackson,1968-09-03
MBR00818,Isaiah Chee,1994-05-18
MBR00819,Marcus Thomas,1986-10-16
MBR00820,Alma Johnson,1991-11-15
MBR00821,Latoya Anderson,1966-07-21
MBR00822,Rosa Benally,1982-07-12
MBR00823,Linda Sanchez,1978-04-10
MBR00824,Amanda Walker,1983-02-18
MBR00825,Destiny Gonzalez,1998-05-06
MBR00826,Andrew Wilson,1977-12-08
MBR00827,Jessica Miller,1977-10-12
MBR00828,James Benally,2004-08-20
MBR00829,Ryan Begay,1992-06-20
MBR00830,Trevor Yazzie,1979-08-06
MBR00831,Rosa Ramirez,1998-03-02
MBR00832,Rebecca Lopez,1964-09-12
MBR00833,Nizhoni Smith,1995-08-11
MBR00834,Ryan White,1986-10-04
MBR00835,Brittany Moore,1973-09-09
MBR00836,Guadalupe Ramirez,1983-06-06
MBR00837,Rebecca Moore,1985-06-28
MBR00838,Joshua Miller,1970-10-22
MBR00839,Jacob Gonzalez,1977-09-14
MBR00840,James Lopez,1971-08-26
MBR00841,Shawn Lee,2002-09-18
MBR00842,Juan Brown,1978-09-28
MBR00843,Isaiah Taylor,1972-01-07
MBR00844,Elizabeth Taylor,1968-08-24
MBR00845,Maria Clark,1997-05-12
MBR00846,Juan Benally,2000-04-19
MBR00847,Talia Yazzie,1980-06-11
MBR00848,Maria Jackson,1990-02-13
MBR00849,Elizabeth Clark,1972-11-26
MBR00850,Christopher Perez,1987-02-03
MBR00851,Stephanie Whitehorse,2003-05-23
MBR00852,Alma Tsosie,1990-06-24
MBR00853,Maria Rodriguez,1972-03-28
MBR00854,Destiny Garcia,1978-12-23
MBR00855,Jose Nez,1968-02-03
MBR00856,Linda Miller,1987-09-25
MBR00857,Brittany Jackson,1986-05-08
MBR00858,Kai Thompson,1972-01-02
MBR00859,Carlos Moore,1992-08-28
MBR00860,Alma Whitehorse,2006-09-06
MBR00861,Rosa Curley,2002-10-14
MBR00862,Joshua Garcia,1984-08-18
MBR00863,Nicole Smith,1988-05-05
MBR00864,Jose Benally,1970-06-10
MBR00865,Marcus Ramirez,1992-05-01
MBR00866,Megan Gonzalez,1976-01-18
MBR00867,Christopher Harris,1989-07-08
MBR00868,Cheyenne Thomas,1978-02-14
MBR00869,Stephanie Jackson,2001-12-22
MBR00870,Michael Lopez,1979-07-07
MBR00871,Aaron Moore,2002-08-20
MBR00872,Jessica Brown,1974-06-01
MBR00873,Daniel Lewis,1968-05-09
MBR00874,Guadalupe Wilson,1967-03-01
MBR00875,Nizhoni Williams,1993-06-15
MBR00876,Marcus Sanchez,1971-01-09
MBR00877,Andrew Harris,1973-04-27
MBR00878,Aaron Thomas,1977-07-25
MBR00879,Marcus Miller,1974-08-24
MBR00880,Nicole Lee,1992-07-22
MBR00881,Rosa Davis,1964-12-18
MBR00882,Jennifer Wilson,1981-04-12
MBR00883,James Hernandez,2002-07-11
MBR00884,Brittany Smith,1969-07-26
MBR00885,Angel Martinez,2006-08-23
MBR00886,Linda Redhouse,1977-03-16
MBR00887,Brandon Martinez,2002-01-02
MBR00888,Joshua Lee,1968-03-16
MBR00889,Aaron Gonzalez,2003-06-26
MBR00890,Andrew Williams,1984-12-05
MBR00891,Nizhoni Begay,1997-05-18
MBR00892,Shawn Robinson,1996-06-11
MBR00893,Michael Tsosie,2000-09-06
MBR00894,Samantha Smith,1978-09-12
MBR00895,Maria Redhouse,1986-12-06
MBR00896,Shawn Jones,2001-04-11
MBR00897,Talia Begay,1986-04-17
MBR00898,Tyler Lee,2001-05-11
MBR00899,Daniel Lopez,2004-02-02
MBR00900,David Williams,1968-08-07
MBR00901,Rosa Redhouse,1986-11-16
MBR00902,Angel Jones,1965-06-08
MBR00903,Linda Robinson,2003-08-27
MBR00904,Isaiah White,1997-12-14
MBR00905,Robert Jones,2001-05-17
MBR00906,Shawn Anderson,1995-02-04
MBR00907,Brittany Chee,1974-09-22
MBR00908,Tyler Miller,1997-12-18
MBR00909,Nizhoni Ramirez,1984-11-15
MBR00910,Miguel Perez,1973-09-13
MBR00911,Ryan Nez,2000-08-12
MBR00912,Cheyenne Ramirez,1985-07-25
MBR00913,Carlos Wilson,2000-04-19
MBR00914,Aaron Sanchez,1978-06-15
MBR00915,Daniel Martin,2000-01-17
MBR00916,Marcus Moore,1975-06-01
MBR00917,Jessica Miller,1997-10-19
MBR00918,Megan Manygoats,1971-03-09
MBR00919,Rebecca Chee,1981-02-19
MBR00920,Latoya Walker,1966-12-11
MBR00921,Isaiah Miller,2006-12-19
MBR00922,Juan Harris,1964-12-26
MBR00923,Kayla Clark,1983-06-27
MBR00924,Angel Smith,1976-12-21
MBR00925,Rosa Williams,1986-01-10
MBR00926,Nizhoni Anderson,1971-06-17
MBR00927,Angel Chee,1987-08-25
MBR00928,Rebecca Martinez,1989-05-26
MBR00929,Luz Sanchez,1998-12-02
MBR00930,Nizhoni Rodriguez,1994-07-25
MBR00931,Rebecca Chee,1997-04-16
MBR00932,Michael Moore,1995-04-08
MBR00933,Ashley Clark,2005-10-03
MBR00934,Angel Johnson,1974-06-12
MBR00935,Jessica Lewis,2001-08-20
MBR00936,Megan Martinez,1976-04-22
MBR00937,Jennifer Thomas,1967-02-24
MBR00938,Nizhoni Davis,1980-01-11
MBR00939,Destiny Benally,1963-06-07
MBR00940,Jose Redhouse,1995-05-18
MBR00941,Jacob Manygoats,2006-11-01
MBR00942,Jennifer Jackson,1964-05-06
MBR00943,Samantha Smith,2001-05-02
MBR00944,Kai White,1979-11-28
MBR00945,Jacob Yazzie,2003-07-08
MBR00946,Angel Benally,1982-08-28
MBR00947,Yazzie Johnson,1994-08-18
MBR00948,Rebecca Hernandez,1981-06-16
MBR00949,Nicole Thomas,1984-06-21
MBR00950,Andrew Harris,1979-01-21
MBR00951,Joshua Martinez,1963-09-09
MBR00952,Shawn Harris,2004-03-03
MBR00953,Joshua Clark,2001-11-22
MBR00954,Aaron Benally,1981-10-11
MBR00955,Talia Gonzalez,1970-10-18
MBR00956,Daniel Ramirez,2006-12-17
MBR00957,Christopher Lee,1971-11-19
MBR00958,Jessica Johnson,1969-03-11
MBR00959,Destiny Curley,1988-05-15
MBR00960,Daniel Lopez,1971-04-04
MBR00961,Juan Redhouse,2001-05-20
MBR00962,Brandon Garcia,1976-11-01
MBR00963,Angel Walker,1970-09-28
MBR00964,Jose Rodriguez,1973-07-16
MBR00965,James Moore,1964-07-25
MBR00966,Sarah Jones,2004-04-25
MBR00967,Ryan Robinson,2001-08-23
MBR00968,Destiny Harris,1987-01-20
MBR00969,Angel Benally,2001-12-19
MBR00970,Aaron Robinson,1964-09-04
MBR00971,Rebecca Williams,1977-09-18
MBR00972,Joseph Lewis,2002-01-07
MBR00973,Kayla Jackson,1980-08-06
MBR00974,Dakota Lewis,1995-03-15
MBR00975,Alma Benally,1969-03-25
MBR00976,Amanda Robinson,1982-08-01
MBR00977,Andrew Lee,1974-08-03
MBR00978,Ashley Garcia,1972-12-24
MBR00979,Rosa Harris,2002-06-03
MBR00980,Luz Harris,2001-03-13
MBR00981,Kai Martinez,1983-10-28
MBR00982,Tyler Martin,1973-12-02
MBR00983,Amanda Davis,1990-05-21
MBR00984,Guadalupe Begay,1978-01-15
MBR00985,Alma Walker,1993-04-07
MBR00986,James Thomas,1967-10-20
MBR00987,Isaiah Wilson,2001-11-18
MBR00988,Jessica Williams,2003-06-02
MBR00989,Linda Brown,2000-05-11
MBR00990,Maria Whitehorse,1972-11-10
MBR00991,Alma White,1973-08-24
MBR00992,Jacob Jones,1981-06-12
MBR00993,Jose Rodriguez,1997-02-10
MBR00994,Tyler Tsosie,1979-06-17
MBR00995,Juan Curley,2001-01-04
MBR00996,Angel Jackson,1992-12-23
MBR00997,Juan Redhouse,1982-05-17
MBR00998,Rosa Curley,2001-10-16
MBR00999,Yazzie Jackson,1973-10-08
MBR01000,Ashley Wilson,1991-11-26
MBR01001,Brandon Nez,1988-01-11
MBR01002,Nizhoni Jackson,1962-11-07
MBR01003,Ryan Smith,1981-09-18
MBR01004,Juan Redhouse,1983-07-24
MBR01005,Elizabeth Walker,1973-04-11
MBR01006,Jose Martinez,1964-11-05
MBR01007,Isaiah Clark,1983-08-26
MBR01008,Shawn Lee,1995-05-19
MBR01009,Elizabeth Thompson,1975-10-22
MBR01010,Jacob Curley,1979-01-11
MBR01011,Angel Davis,2000-07-06
MBR01012,Ryan Williams,1981-12-28
MBR01013,Nicole Wilson,1977-06-15
MBR01014,Robert Gonzalez,1969-06-26
MBR01015,Jose Yazzie,1994-01-26
MBR01016,Rosa Martin,1992-12-28
MBR01017,Daniel Wilson,1968-09-22
MBR01018,Rosa Davis,1986-12-28
MBR01019,Samantha Williams,2000-02-11
MBR01020,Maria Chee,2004-12-10
MBR01021,Matthew Jackson,1975-06-07
MBR01022,Stephanie Martinez,1990-11-04
MBR01023,Miguel Miller,1962-10-18
MBR01024,Jessica Jackson,1997-06-09
MBR01025,Elizabeth Benally,1966-05-20
MBR01026,Jennifer Miller,1963-08-22
MBR01027,Angel Manygoats,1987-03-23
MBR01028,Brandon Martin,2006-08-20
MBR01029,Trevor Robinson,2004-09-03
MBR01030,Samantha Martin,2006-08-04
MBR01031,Joshua Martinez,1991-08-08
MBR01032,Amanda Perez,1978-06-13
MBR01033,Michael Walker,1991-08-01
MBR01034,Marcus Thompson,1991-03-10
MBR01035,Yazzie Miller,1968-07-27
MBR01036,Samantha Sanchez,1966-05-18
MBR01037,Jose Harris,1977-09-06
MBR01038,Latoya Ramirez,2006-10-14
MBR01039,Amanda Jones,1996-12-08
MBR01040,Alma Whitehorse,1998-08-04
MBR01041,Nicole Sanchez,1968-08-06
MBR01042,Isaiah Harris,2005-10-25
MBR01043,Sarah Rodriguez,2004-01-03
MBR01044,Jessica Martinez,2002-01-25
MBR01045,Aaron Gonzalez,1986-10-19
MBR01046,Talia Martin,1981-10-26
MBR01047,James Redhouse,1984-02-19
MBR01048,Megan Nez,1970-05-02
MBR01049,Joseph Johnson,1997-06-04
MBR01050,Ryan Harris,1999-07-21
MBR01051,Amanda Walker,1996-04-22
MBR01052,Tyler Martinez,1986-06-27
MBR01053,Michael Johnson,1970-03-01
MBR01054,Linda Rodriguez,2004-07-05
MBR01055,Kayla Redhouse,1991-12-20
MBR01056,Aaron Harris,1989-09-27
MBR01057,Juan Begay,1989-10-01
MBR01058,Carlos Chee,1994-05-14
MBR01059,Ashley Manygoats,1992-12-12
MBR01060,Shawn Tsosie,1967-03-24
MBR01061,Linda Tsosie,1979-08-17
MBR01062,Destiny Jones,1977-08-21
MBR01063,Jennifer Perez,1999-05-20
MBR01064,Juan Perez,1991-09-16
MBR01065,Robert Whitehorse,1980-05-06
MBR01066,Cheyenne Walker,1998-05-02
MBR01067,Devon Redhouse,1965-11-10
MBR01068,Michael Moore,1967-03-17
MBR01069,Andrew Smith,1979-05-28
MBR01070,Jessica Lewis,1973-10-24
MBR01071,Guadalupe Lopez,1978-12-08
MBR01072,Jessica Whitehorse,1964-06-03
MBR01073,Jacob Thomas,1993-07-25
MBR01074,Juan Thompson,2002-03-07
MBR01075,Samantha Sanchez,1969-01-06
MBR01076,Talia Harris,1996-04-13
MBR01077,Joseph Lewis,1995-07-01
MBR01078,David Benally,1995-11-02
MBR01079,Stephanie Perez,1989-10-21
MBR01080,Alma Sanchez,1968-05-21
MBR01081,Alma Gonzalez,1977-12-22
MBR01082,Luz Smith,2006-03-11
MBR01083,David Tsosie,1966-01-14
MBR01084,Joseph Taylor,1984-04-24
MBR01085,Kai Wilson,1967-01-20
MBR01086,Linda Whitehorse,1969-12-04
MBR01087,Amanda Davis,2003-10-26
MBR01088,Michael Curley,1980-08-22
MBR01089,Marcus Lee,1989-12-22
MBR01090,Jennifer Harris,1966-05-25
MBR01091,Michael Begay,1978-03-15
MBR01092,Dakota Begay,2001-07-06
MBR01093,Dakota Miller,1989-04-20
MBR01094,Michael Jones,1978-02-02
MBR01095,Jessica Curley,1990-01-16
MBR01096,Nizhoni Perez,1986-05-05
MBR01097,Marcus Begay,1962-09-23
MBR01098,James Harris,1966-09-08
MBR01099,Carlos Thompson,1992-02-19
MBR01100,Dakota Garcia,1987-01-21
MBR01101,Samantha Jackson,1983-02-27
MBR01102,Kai Gonzalez,1997-01-13
MBR01103,Brandon Begay,1968-11-23
MBR01104,Matthew Johnson,1974-03-02
MBR01105,Latoya Benally,1993-07-03
MBR01106,Robert Perez,1996-08-01
MBR01107,Sarah Tsosie,1964-07-04
MBR01108,Alma Anderson,1996-03-24
MBR01109,Maria Walker,1971-08-21
MBR01110,Dakota Rodriguez,1964-04-23
MBR01111,Latoya Miller,1965-05-27
MBR01112,Isaiah Miller,1999-02-27
MBR01113,Devon Gonzalez,2001-04-03
MBR01114,Juan Benally,1982-02-22
MBR01115,Amanda Perez,1975-01-19
MBR01116,Nizhoni White,1971-07-06
MBR01117,Daniel Miller,1977-10-02
MBR01118,Linda Smith,1972-01-16
MBR01119,Alma Jackson,1967-12-21
MBR01120,Jessica Curley,2006-03-07
MBR01121,Maria Williams,1988-04-06
MBR01122,Isaiah Martin,2001-02-21
MBR01123,Ashley Tsosie,1997-04-07
MBR01124,Joshua Robinson,1985-09-17
MBR01125,Matthew Davis,1975-05-02
MBR01126,Christopher Williams,1992-08-06
MBR01127,Andrew Perez,1980-04-14
MBR01128,Destiny Brown,1991-01-04
MBR01129,Miguel Davis,1972-01-16
MBR01130,Ryan Clark,1990-10-19
MBR01131,Ashley Lee,1982-04-25
MBR01132,Joshua Jones,1988-04-13
MBR01133,Sarah Redhouse,1965-07-05
MBR01134,Shawn Gonzalez,1985-03-15
MBR01135,Robert Chee,1974-06-05
MBR01136,Tyler Hernandez,1969-08-15
MBR01137,Latoya Curley,1980-10-06
MBR01138,Joshua Garcia,1998-09-28
MBR01139,Jose Robinson,1993-04-19
MBR01140,Kayla Manygoats,1977-04-11
MBR01141,Robert Williams,1998-01-14
MBR01142,Rebecca Walker,1964-07-17
MBR01143,Brittany Garcia,1968-08-16
MBR01144,Sarah Rodriguez,2006-12-14
MBR01145,Jose Martin,2003-02-01
MBR01146,Maria Robinson,1998-12-19
MBR01147,Megan Curley,1987-03-26
MBR01148,Jacob Perez,1962-11-03
MBR01149,Maria Benally,1989-05-23
MBR01150,Elizabeth Brown,2005-02-20
MBR01151,Megan Robinson,1965-02-13
MBR01152,Luz Jones,1985-03-21
MBR01153,Carlos Davis,1970-06-08
MBR01154,Destiny Anderson,2006-04-25
MBR01155,Stephanie Brown,1994-11-14
MBR01156,Rosa Davis,1990-08-17
MBR01157,Devon Jones,1990-10-12
MBR01158,Amanda Jackson,1967-02-13
MBR01159,Ashley Martinez,1968-03-09
MBR01160,Joseph Clark,1995-11-01
MBR01161,Tyler Lewis,1970-08-12
MBR01162,Maria Anderson,1980-04-03
MBR01163,Dakota Lee,1988-10-11
MBR01164,Nicole Chee,1997-08-15
MBR01165,Jose White,1972-05-08
MBR01166,Joseph Robinson,1965-03-12
MBR01167,Joseph Lopez,1972-12-18
MBR01168,Robert Lee,1972-04-04
MBR01169,Sarah Nez,1978-06-06
MBR01170,Megan Lewis,1982-06-05
MBR01171,Maria Sanchez,1996-05-04
MBR01172,James Benally,1991-06-05
MBR01173,Jose Jackson,2003-12-10
MBR01174,Elizabeth Davis,1998-12-15
MBR01175,Ashley Martin,1970-11-18
MBR01176,Ryan Brown,1990-06-03
MBR01177,Latoya Moore,1999-09-08
MBR01178,Kai Garcia,1996-08-22
MBR01179,Angel Whitehorse,1974-08-11
MBR01180,Jessica Ramirez,2004-06-13
MBR01181,Brandon Martin,1962-05-12
MBR01182,Aaron Clark,1967-04-24
MBR01183,Shawn Clark,1972-12-14
MBR01184,Sarah Martin,2000-02-05
MBR01185,Jacob Garcia,1966-10-25
MBR01186,Luz Robinson,1979-07-06
MBR01187,Jacob Jackson,1974-03-27
MBR01188,Guadalupe Nez,1981-10-10
MBR01189,Andrew Martin,1963-01-05
MBR01190,Dakota Jackson,2002-08-04
MBR01191,Maria Davis,2006-11-08
MBR01192,Megan Manygoats,1966-10-24
MBR01193,Jose Davis,1978-11-22
MBR01194,Andrew Hernandez,1998-01-28
MBR01195,Daniel Thompson,1982-08-23
MBR01196,Brandon Brown,1985-07-21
MBR01197,Matthew Curley,2002-02-17
MBR01198,Ryan Lee,2000-03-18
MBR01199,Nizhoni White,1979-11-23
MBR01200,Daniel Tsosie,1984-03-01
MBR01201,David Wilson,1988-06-06
MBR01202,Nizhoni Tsosie,1974-09-20
MBR01203,Samantha Jones,2006-02-14
MBR01204,Nicole White,1963-08-12
MBR01205,Elizabeth Lopez,2000-09-25
MBR01206,Nizhoni Martinez,1969-04-05
MBR01207,Linda Ramirez,1970-04-05
MBR01208,Jose Ramirez,1966-01-25
MBR01209,Alma Brown,1964-11-17
MBR01210,Kai Smith,1964-02-10
MBR01211,Matthew Lopez,2000-04-19
MBR01212,Destiny Moore,1967-03-28
MBR01213,Miguel Redhouse,1984-03-28
MBR01214,Alma Smith,1966-02-27
MBR01215,Carlos Smith,1980-03-25
MBR01216,Yazzie Walker,1975-09-28
MBR01217,David Lopez,1973-08-22
MBR01218,Joshua Clark,1989-04-17
MBR01219,Rosa Rodriguez,1969-08-04
MBR01220,Robert Garcia,1980-09-24
MBR01221,Angel Martin,1986-05-15
MBR01222,Joseph Ramirez,1976-09-14
MBR01223,Amanda Smith,1992-11-12
MBR01224,Aaron Tsosie,2005-02-13
MBR01225,Rebecca Manygoats,1969-03-13
MBR01226,Matthew Perez,1972-02-12
MBR01227,Kayla Begay,1969-04-27
MBR01228,Trevor Sanchez,1999-10-09
MBR01229,Miguel Moore,2000-07-16
MBR01230,Guadalupe Begay,1968-02-09
MBR01231,Jennifer Jones,1963-02-24
MBR01232,Talia Lee,1973-07-20
MBR01233,Michael Tsosie,2001-02-25
MBR01234,Kai Begay,1991-04-10
MBR01235,Carlos Benally,1996-06-26
MBR01236,Aaron Lee,1989-02-13
MBR01237,Amanda Nez,1991-01-02
MBR01238,Guadalupe Ramirez,1981-12-06
MBR01239,Ashley Chee,1986-08-25
MBR01240,Juan Walker,1997-11-18
MBR01241,Andrew Begay,1994-01-13
MBR01242,Marcus Jackson,2001-11-12
MBR01243,Megan Thompson,1999-01-05
MBR01244,David Ramirez,2002-06-13
MBR01245,Kai Thomas,1988-06-02
MBR01246,Nizhoni Jones,1981-10-03
MBR01247,Carlos Lee,1983-03-01
MBR01248,Stephanie Johnson,1998-09-14
MBR01249,Juan Harris,1963-06-13
MBR01250,Talia Wilson,1993-02-23
MBR01251,Maria Martin,2004-06-06
MBR01252,Latoya Jones,1974-08-21
MBR01253,Jennifer Martin,1975-05-09
MBR01254,Linda Manygoats,1976-10-24
MBR01255,Devon Tsosie,1979-02-19
MBR01256,Isaiah Martin,1984-02-21
MBR01257,Ryan Gonzalez,1989-11-18
MBR01258,Kai Nez,2001-09-15
MBR01259,Amanda Chee,2002-12-17
MBR01260,Carlos Redhouse,1991-05-21
MBR01261,Jennifer Tsosie,1998-12-21
MBR01262,Destiny Martin,1971-04-05
MBR01263,Sarah Clark,1982-02-21
MBR01264,Talia Whitehorse,2003-03-09
MBR01265,Maria Thomas,1969-03-07
MBR01266,Kayla Ramirez,1991-08-18
MBR01267,Daniel Johnson,1974-03-09
MBR01268,Amanda Williams,1979-11-18
MBR01269,Linda Lee,1963-01-28
MBR01270,Kai Garcia,1988-06-22
MBR01271,Juan Yazzie,1970-04-04
MBR01272,Rosa Taylor,2004-10-25
MBR01273,Marcus Lee,1977-10-04
MBR01274,Brittany Ramirez,1986-12-24
MBR01275,Aaron Clark,1973-04-09
MBR01276,Aaron Martinez,1979-07-14
MBR01277,Jessica Sanchez,2000-05-01
MBR01278,Marcus Nez,1972-10-04
MBR01279,Jessica Taylor,1981-08-28
MBR01280,Miguel Chee,1968-09-10
MBR01281,Joshua Perez,1989-04-10
MBR01282,David Yazzie,1977-08-05
MBR01283,David Begay,1992-02-08
MBR01284,Joseph Nez,1962-03-26
MBR01285,Carlos Jackson,1998-03-10
MBR01286,Joseph Sanchez,1997-07-23
MBR01287,Miguel Miller,1985-10-16
MBR01288,Rosa Sanchez,1978-07-22
MBR01289,Matthew Lee,1978-01-11
MBR01290,Alma Lopez,1999-01-07
MBR01291,Trevor Johnson,1966-08-15
MBR01292,Juan Moore,1969-08-06
MBR01293,Alma White,2001-12-21
MBR01294,Joshua Perez,1969-10-24
MBR01295,Christopher Jones,1999-06-09
MBR01296,Stephanie Lee,2004-12-18
MBR01297,Carlos Walker,1962-05-25
MBR01298,Kai Jackson,1991-12-18
MBR01299,Dakota Smith,1999-05-06
MBR01300,Joseph Williams,1973-02-16
MBR01301,Robert Ramirez,1992-07-25
MBR01302,Joseph Benally,1962-03-12
MBR01303,Destiny Miller,2003-11-14
MBR01304,Jessica Lewis,1998-01-02
MBR01305,Kayla Perez,1994-11-17
MBR01306,Isaiah Martin,1962-09-14
MBR01307,Miguel Moore,1979-04-18
MBR01308,Trevor Brown,2003-09-19
MBR01309,Carlos Smith,1967-02-14
MBR01310,Jacob Lewis,1965-04-20
MBR01311,Trevor Garcia,1989-05-17
MBR01312,Jacob Lopez,1973-10-17
MBR01313,Jessica Rodriguez,1974-10-03
MBR01314,Michael Wilson,1980-12-19
MBR01315,Devon Miller,1989-07-20
MBR01316,Latoya Martin,1962-05-08
MBR01317,Stephanie Begay,2000-01-25
MBR01318,Ryan Jones,2006-08-14
MBR01319,Michael Nez,1964-10-27
MBR01320,Elizabeth Clark,1975-12-08
MBR01321,Elizabeth Benally,1986-02-04
MBR01322,James White,1977-07-27
MBR01323,Jessica White,1977-11-01
MBR01324,Jennifer Redhouse,1973-07-02
MBR01325,Ashley Begay,2005-06-05
MBR01326,Guadalupe Miller,2002-02-14
MBR01327,Jose Garcia,2006-08-28
MBR01328,Joshua Benally,2001-12-06
MBR01329,Cheyenne Jackson,1994-05-05
MBR01330,Daniel White,1989-08-14
MBR01331,Latoya Sanchez,2004-06-21
MBR01332,Christopher Rodriguez,1989-12-23
MBR01333,Tyler Moore,1990-11-17
MBR01334,Dakota Clark,1971-04-17
MBR01335,Daniel Moore,1993-10-16
MBR01336,Yazzie Redhouse,1989-01-06
MBR01337,Latoya Tsosie,1970-10-11
MBR01338,Shawn Martinez,1977-03-15
MBR01339,Juan Benally,1996-02-05
MBR01340,Brandon Lewis,1976-04-11
MBR01341,Ryan Curley,1996-08-04
MBR01342,Christopher Anderson,2004-05-21
MBR01343,Michael Lewis,2001-02-14
MBR01344,Joseph Curley,1970-09-13
MBR01345,Carlos Williams,1979-10-19
MBR01346,Daniel Harris,1985-07-10
MBR01347,Guadalupe Lewis,1972-11-06
MBR01348,Matthew Martinez,1980-10-27
MBR01349,Nizhoni Benally,1965-02-24
MBR01350,Destiny Gonzalez,1978-03-23
MBR01351,Kai Lopez,1999-03-06
MBR01352,Matthew Moore,1994-07-14
MBR01353,Amanda Harris,1967-06-23
MBR01354,Samantha Clark,1967-03-21
MBR01355,James Wilson,1999-11-10
MBR01356,James Jackson,1967-02-13
MBR01357,Juan Miller,1965-12-16
MBR01358,Guadalupe Harris,1992-09-12
MBR01359,Angel Jackson,1984-07-13
MBR01360,Nizhoni Yazzie,1978-01-26
MBR01361,Latoya Hernandez,1969-06-28
MBR01362,Marcus Tsosie,1990-03-06
MBR01363,Andrew Jackson,1994-02-21
MBR01364,Marcus Johnson,1998-05-23
MBR01365,Maria Redhouse,1992-12-13
MBR01366,Joshua Rodriguez,1992-01-13
MBR01367,David Chee,2004-10-02
MBR01368,Daniel Thomas,2001-01-05
MBR01369,Latoya Anderson,1989-08-28
MBR01370,Aaron Yazzie,1988-05-17
MBR01371,Jessica Thomas,1997-11-27
MBR01372,Angel Jackson,2002-11-09
MBR01373,Sarah Perez,1983-02-22
MBR01374,Brittany Manygoats,1977-06-08
MBR01375,Daniel Tsosie,1965-03-11
MBR01376,Joseph Jackson,1979-03-07
MBR01377,Marcus Moore,1977-04-10
MBR01378,Jessica Hernandez,2001-12-12
MBR01379,David Williams,1964-12-23
MBR01380,Daniel Clark,1967-08-23
MBR01381,Isaiah Whitehorse,1999-01-17
MBR01382,Rosa Jones,2005-11-14
MBR01383,Linda Sanchez,1990-11-13
MBR01384,Aaron Miller,1980-02-25
MBR01385,Christopher Chee,1964-08-09
MBR01386,Kai Whitehorse,1979-05-13
MBR01387,Elizabeth Benally,1989-10-23
MBR01388,Maria Jones,1962-04-18
MBR01389,Brittany Thompson,1968-02-05
MBR01390,Jennifer Tsosie,1984-02-23
MBR01391,Yazzie Perez,1981-06-02
MBR01392,Megan Williams,1977-07-10
MBR01393,Miguel Lewis,1984-03-19
MBR01394,Daniel Harris,1962-03-01
MBR01395,Amanda Jones,2004-03-15
MBR01396,Jose Lopez,2003-08-14
MBR01397,James Robinson,1968-01-16
MBR01398,Rosa Walker,1974-09-28
MBR01399,Ashley Jones,1962-05-22
MBR01400,Jacob Perez,1972-08-02
MBR01401,Ryan Hernandez,2001-10-02
MBR01402,Tyler Thomas,2005-12-11
MBR01403,Angel Brown,1964-05-23
MBR01404,Nizhoni Benally,1987-01-04
MBR01405,Marcus Gonzalez,1991-08-21
MBR01406,Juan Jackson,1962-10-26
MBR01407,Andrew Garcia,1986-02-19
MBR01408,Jose Curley,1985-10-09
MBR01409,Destiny Redhouse,1975-05-10
MBR01410,Maria Perez,1979-06-25
MBR01411,Linda Martinez,1967-01-25
MBR01412,Kayla Lopez,1984-08-15
MBR01413,Samantha Taylor,1974-08-24
MBR01414,Latoya Clark,1979-12-02
MBR01415,Nicole Walker,1966-05-24
MBR01416,Alma Garcia,1977-04-18
MBR01417,Cheyenne Hernandez,1995-09-12
MBR01418,Joseph Garcia,1971-08-07
MBR01419,Luz Lopez,1981-02-26
MBR01420,Latoya Harris,1987-03-21
MBR01421,Brandon Garcia,1969-03-20
MBR01422,Robert Miller,2006-05-07
MBR01423,Aaron Garcia,1979-11-25
MBR01424,Devon Nez,1987-08-01
MBR01425,Ryan Davis,1972-07-15
MBR01426,Rebecca Begay,1985-09-13
MBR01427,Latoya Wilson,1982-12-28
MBR01428,Michael Robinson,1968-10-17
MBR01429,Ashley Thompson,2006-04-10
MBR01430,Angel Martin,1984-08-24
MBR01431,Guadalupe Jackson,1995-12-07
MBR01432,Cheyenne Martin,1981-03-16
MBR01433,Jose Manygoats,1988-04-24
MBR01434,Stephanie Begay,1968-09-25
MBR01435,Dakota Walker,1962-08-14
MBR01436,Miguel Robinson,1963-09-23
MBR01437,Guadalupe Begay,2000-08-04
MBR01438,Marcus Smith,1978-06-04
MBR01439,Aaron Whitehorse,1990-08-15
MBR01440,Carlos Sanchez,1974-06-15
MBR01441,Brittany Lewis,1995-01-11
MBR01442,Devon Jones,1993-04-27
MBR01443,Shawn Begay,2003-01-03
MBR01444,Aaron Whitehorse,1967-05-11
MBR01445,Christopher Manygoats,1999-06-17
MBR01446,Samantha Thomas,1981-09-26
MBR01447,Talia Williams,1981-04-17
MBR01448,Tyler Clark,2003-06-20
MBR01449,Nicole Anderson,1976-10-07
MBR01450,Robert Lee,1977-04-12
MBR01451,Nicole Redhouse,1976-12-23
MBR01452,Kai Benally,1970-02-22
MBR01453,Christopher Harris,1997-09-25
MBR01454,Cheyenne Chee,1995-10-19
MBR01455,Nicole Thomas,1985-07-07
MBR01456,Jacob Miller,1992-03-10
MBR01457,Jennifer Smith,1982-11-13
MBR01458,Tyler Sanchez,1962-06-03
MBR01459,Daniel Walker,1988-02-11
MBR01460,Marcus Wilson,1997-09-22
MBR01461,Nicole Martin,1999-11-01
MBR01462,Jose Rodriguez,1986-05-11
MBR01463,Aaron Jackson,1963-01-09
MBR01464,Stephanie Redhouse,1989-01-02
MBR01465,Nizhoni Perez,1998-12-14
MBR01466,Stephanie Yazzie,1989-12-05
MBR01467,Nizhoni Whitehorse,1975-10-18
MBR01468,Rebecca Sanchez,1968-12-18
MBR01469,Talia Nez,1976-01-02
MBR01470,Megan Lee,1977-11-14
MBR01471,Maria Martinez,2002-12-08
MBR01472,Kayla Taylor,1976-04-02
MBR01473,Shawn Lewis,2003-03-09
MBR01474,Carlos Taylor,2001-05-23
MBR01475,Angel Davis,1971-09-01
MBR01476,Miguel Nez,1997-01-11
MBR01477,Robert Lee,1985-10-06
MBR01478,Latoya Anderson,2006-07-02
MBR01479,Juan Brown,2002-11-23
MBR01480,Ryan Perez,1972-08-08
MBR01481,Jessica Walker,2000-02-21
MBR01482,Amanda Thomas,1964-01-17
MBR01483,Jennifer Nez,1988-01-28
MBR01484,Luz Brown,1972-07-19
MBR01485,Tyler Lee,2006-10-09
MBR01486,Luz White,1973-05-05
MBR01487,Megan Johnson,1993-09-24
MBR01488,Maria Whitehorse,2001-08-12
MBR01489,Jacob Benally,2005-10-15
MBR01490,Luz Miller,1995-08-26
MBR01491,Andrew Walker,1992-12-18
MBR01492,Elizabeth Jackson,1995-08-16
MBR01493,Daniel Thomas,1987-03-23
MBR01494,Miguel Perez,1984-10-28
MBR01495,Joshua Hernandez,1977-02-22
MBR01496,Destiny Smith,1979-08-03
MBR01497,Nicole Hernandez,1984-08-01
MBR01498,Alma Clark,1966-06-26
MBR01499,Miguel Johnson,1976-04-19
MBR01500,Joseph Thompson,2006-10-22
MBR01501,Amanda Garcia,2001-11-23
MBR01502,Andrew Garcia,1980-08-20
MBR01503,Linda Smith,2006-02-16
MBR01504,Jennifer Nez,1966-05-21
MBR01505,Marcus Davis,1969-04-20
MBR01506,James Yazzie,1984-09-10
MBR01507,Maria Perez,1987-12-24
MBR01508,Jacob Manygoats,1971-04-17
MBR01509,James Clark,1992-08-02
MBR01510,Brittany Williams,1966-12-24
MBR01511,Juan Robinson,1977-01-25
MBR01512,Shawn Johnson,2004-07-14
MBR01513,Alma Moore,1994-02-15
MBR01514,Trevor Curley,1997-04-16
MBR01515,Isaiah Brown,1976-12-16
MBR01516,Joseph Johnson,2004-03-14
MBR01517,Megan Garcia,1988-06-26
MBR01518,Juan Chee,1967-05-27
MBR01519,Jacob Anderson,1975-07-22
MBR01520,Joseph Thompson,1997-02-01
MBR01521,Isaiah Taylor,1990-05-08
MBR01522,Nicole Anderson,1972-05-08
MBR01523,Tyler Yazzie,1984-09-26
MBR01524,Nizhoni Miller,1985-01-16
MBR01525,Shawn Williams,1988-12-05
MBR01526,Ashley Rodriguez,1966-09-03
MBR01527,Tyler Rodriguez,1983-09-02
MBR01528,Rosa Lee,2005-12-13
MBR01529,Rosa Rodriguez,1974-05-20
MBR01530,Megan Clark,1969-09-09
MBR01531,Rosa Martinez,1968-02-14
MBR01532,Aaron Jackson,1985-09-16
MBR01533,Rosa Lopez,1976-09-24
MBR01534,Samantha Martin,1981-06-23
MBR01535,Shawn Tsosie,1988-11-03
MBR01536,James Smith,1988-06-13
MBR01537,Kai Martin,1967-02-17
MBR01538,Sarah Martin,1997-07-03
MBR01539,Maria Harris,1976-09-22
MBR01540,Miguel Nez,1994-06-14
MBR01541,Aaron Garcia,1999-11-09
MBR01542,Amanda Whitehorse,1987-10-07
MBR01543,Matthew Jackson,1999-07-07
MBR01544,Trevor Lopez,1963-06-22
MBR01545,Sarah Chee,1987-02-28
MBR01546,Michael Williams,1962-08-19
MBR01547,Jose Lopez,1978-10-05
MBR01548,Rosa Lee,1989-08-24
MBR01549,Maria Redhouse,1983-03-14
MBR01550,Rebecca Thompson,1972-04-12
MBR01551,Christopher Johnson,2005-08-07
MBR01552,Rosa Jackson,1965-06-10
MBR01553,Megan White,1994-06-06
MBR01554,Aaron Lewis,1970-11-05
MBR01555,Elizabeth Johnson,1985-10-08
MBR01556,Miguel Clark,1999-02-01
MBR01557,Latoya Nez,1964-06-12
MBR01558,Jacob Tsosie,1998-03-10
MBR01559,Yazzie Jones,1965-07-22
MBR01560,David Thomas,1988-06-21
MBR01561,Miguel Gonzalez,1980-04-11
MBR01562,Aaron Jackson,1967-10-05
MBR01563,Destiny Brown,1987-11-16
MBR01564,Yazzie Martin,2003-02-11
MBR01565,Sarah Curley,2005-04-28
MBR01566,Yazzie Curley,1964-07-12
MBR01567,James Manygoats,1976-07-27
MBR01568,Brandon Williams,2004-10-06
MBR01569,Devon Walker,1995-03-17
MBR01570,Aaron White,2005-12-26
MBR01571,Andrew Gonzalez,1988-03-20
MBR01572,Ashley Anderson,1972-01-06
MBR01573,Michael Perez,1983-10-26
MBR01574,Michael Benally,2001-05-18
MBR01575,Dakota Curley,2001-12-07
MBR01576,Kai Wilson,2004-09-19
MBR01577,Marcus Anderson,1976-06-15
MBR01578,Maria Jones,1964-12-11
MBR01579,Sarah Curley,1974-11-06
MBR01580,Trevor Begay,1999-07-08
MBR01581,Maria Thomas,1968-09-26
MBR01582,Michael Smith,1980-07-01
MBR01583,Luz Begay,2000-09-19
MBR01584,Kai Sanchez,1963-08-19
MBR01585,Yazzie Rodriguez,1999-03-21
MBR01586,Nizhoni Lewis,1980-07-04
MBR01587,Jessica Taylor,1994-10-19
MBR01588,Michael Martin,1985-03-06
MBR01589,Rebecca Tsosie,1982-09-05
MBR01590,Brandon Gonzalez,1985-05-26
MBR01591,Stephanie Martinez,1994-09-09
MBR01592,Isaiah Moore,1968-08-14
MBR01593,Elizabeth Wilson,2004-07-26
MBR01594,Stephanie Garcia,2001-08-07
MBR01595,Miguel Curley,1963-01-15
MBR01596,David Begay,1978-07-05
MBR01597,Brittany Manygoats,1994-08-20
MBR01598,Alma Davis,1998-06-26
MBR01599,Devon Williams,1963-12-16
MBR01600,Luz Lewis,1980-04-13
MBR01601,Joshua Chee,1988-09-19
MBR01602,Kayla Martin,2003-03-19
MBR01603,Isaiah Johnson,1998-04-08
MBR01604,Rebecca Miller,1984-03-19
MBR01605,Kayla Thomas,1987-07-20
MBR01606,Stephanie Thompson,1998-01-21
MBR01607,Ryan Whitehorse,2003-08-11
MBR01608,Dakota Anderson,1993-08-21
MBR01609,Matthew Wilson,1980-08-16
MBR01610,Tyler Lopez,1967-12-03
MBR01611,Isaiah Hernandez,1980-05-07
MBR01612,Cheyenne Rodriguez,2004-07-07
MBR01613,Linda Taylor,1973-03-11
MBR01614,Trevor Begay,2004-11-10
MBR01615,Jose Brown,2000-12-06
MBR01616,Guadalupe Whitehorse,2003-04-16
MBR01617,Luz Lewis,1965-12-23
MBR01618,Carlos Gonzalez,1995-01-28
MBR01619,Michael Brown,1995-05-25
MBR01620,Jennifer Smith,1990-10-16
MBR01621,Nicole Williams,1985-01-06
MBR01622,Tyler Jones,1987-08-15
MBR01623,Christopher Redhouse,1993-03-15
MBR01624,Samantha Sanchez,1997-07-22
MBR01625,Tyler Wilson,2006-06-06
MBR01626,Isaiah Garcia,1980-03-25
MBR01627,Stephanie Walker,1966-09-08
MBR01628,Sarah Brown,1986-03-10
MBR01629,Shawn Gonzalez,1982-01-05
MBR01630,Ryan Whitehorse,1995-12-27
MBR01631,Maria Rodriguez,1983-07-24
MBR01632,Ryan Sanchez,2000-11-08
MBR01633,Linda Begay,1999-11-02
MBR01634,Jessica Clark,1967-03-10
MBR01635,Angel Gonzalez,2003-07-12
MBR01636,Destiny Johnson,1995-06-11
MBR01637,Christopher Miller,1994-08-14
MBR01638,Nizhoni Manygoats,1966-12-23
MBR01639,Maria Brown,1970-09-23
MBR01640,Amanda Rodriguez,1983-07-07
MBR01641,Dakota Johnson,1977-08-22
MBR01642,Tyler Garcia,1976-06-27
MBR01643,Aaron Miller,2006-06-14
MBR01644,Christopher Rodriguez,1984-03-17
MBR01645,Carlos Benally,1966-12-08
MBR01646,Joshua Lewis,1987-08-14
MBR01647,Nizhoni Smith,1968-10-21
MBR01648,Linda Jackson,1981-01-28
MBR01649,Rebecca Chee,1993-05-08
MBR01650,Talia Lewis,2002-10-28
MBR01651,Jose Yazzie,1968-02-27
MBR01652,Devon Lewis,1995-08-11
MBR01653,Matthew Sanchez,1983-08-03
MBR01654,Ryan Lewis,1970-05-25
MBR01655,Jose Johnson,1973-04-21
MBR01656,Maria Chee,1996-03-07
MBR01657,Jacob Martinez,1983-08-20
MBR01658,Samantha Chee,1993-02-09
MBR01659,Jennifer Anderson,1994-05-10
MBR01660,Andrew Smith,1992-02-16
MBR01661,Marcus Jackson,1986-12-02
MBR01662,Stephanie Hernandez,1977-08-13
MBR01663,Juan Clark,1999-10-02
MBR01664,Tyler Thomas,1991-03-08
MBR01665,Guadalupe Nez,1999-02-06
MBR01666,Nicole Smith,1968-05-24
MBR01667,Aaron White,1979-01-26
MBR01668,Sarah Moore,1981-03-15
MBR01669,Samantha Hernandez,1980-03-23
MBR01670,Robert Wilson,1994-03-21
MBR01671,Ashley Anderson,1990-04-06
MBR01672,Trevor Taylor,1991-04-09
MBR01673,Ashley Moore,1994-01-18
MBR01674,Cheyenne Lopez,1999-10-02
MBR01675,Amanda Harris,1982-10-03
MBR01676,Sarah Chee,1973-07-04
MBR01677,Luz Williams,2002-08-27
MBR01678,Maria Jones,1980-12-08
MBR01679,Jennifer Jackson,1968-02-22
MBR01680,Destiny Jackson,1973-01-25
MBR01681,Joshua Chee,1988-12-03
MBR01682,Andrew Curley,1962-01-23
MBR01683,Angel Williams,1967-11-19
MBR01684,Kai Begay,1967-12-02
MBR01685,Cheyenne Hernandez,1985-03-16
MBR01686,Juan Gonzalez,1970-07-17
MBR01687,Devon Thomas,1973-10-08
MBR01688,Shawn Brown,1969-09-12
MBR01689,Destiny Chee,1990-08-09
MBR01690,Guadalupe Lewis,1979-06-19
MBR01691,Guadalupe Manygoats,1992-06-12
MBR01692,Matthew White,1974-06-26
MBR01693,Juan Begay,1986-07-01
MBR01694,Kayla Begay,1967-12-12
MBR01695,Miguel Yazzie,1991-11-02
MBR01696,Marcus Robinson,2001-06-02
MBR01697,Sarah Williams,1995-06-17
MBR01698,Megan Brown,1963-05-03
MBR01699,Sarah Nez,1976-11-13
MBR01700,Guadalupe Smith,1990-04-03
MBR01701,Ashley Martinez,1985-08-08
MBR01702,Andrew Taylor,1988-06-02
MBR01703,Kayla Taylor,2005-02-10
MBR01704,Ashley White,1975-09-09
MBR01705,Miguel Moore,1994-11-02
